Character, UniqueWords
Gacy,42
Mailman,84
Barky,1
Chef's dad,76
Scout Leader,3
Lil Mr. Garrison,17
Garrison Actor,7
Jamie Oliver,20
Nicki,7
The kids,4
Theme,4
Stan, Kyle, Kenny,7
News Announcer,9
Bailey,49
Other campers,1
Little Chef,62
Jukebox,26
OC Member,4
Spectators,4
Water Tester,165
Mr. Fun,85
Vince,53
A Red Wing,4
Carlos Mencia,78
Mysterion, the Coon,6
BB Founder,124
Casey,143
Club Members,2
Host,347
Shopper 3,39
Shopper 4,41
Shopper 5,9
Shopper 6,34
Shopper 7,19
Shopper 8,4
Shopper 9,8
Popeye,6
Joe,374
Kindergartners,43
Mother Lion,5
Pilgrim,35
Female passenger,15
Iraqi Man 2,2
Iraqi Man 1,2
News Anchor,452
Female Staffer,12
Scott, Tyler,1
Teen Girl 1,36
Teen Girl 2,26
Anchor Man,77
Inductees,17
Dan Akawa,91
Black Man,13
Thomas,443
A singer, Goth Kids (singing),11
Van Gelder,49
Chairman,272
Frog King,186
Black Player,15
Mrs. Streibel,7
Deckhand,5
Cowboys,5
Paul,68
Doorman,39
Harvey Brown,102
Pinkerton,133
Mitch,127
Toothpaste,6
Taller man,10
Passer-by,4
Bloodrayne,21
Cruise Attendant,14
Guy with Long Hair,3
Tape,30
Craig's father,2
Red-Haired Woman,24
Collins,1
An Elderly Man,1
Joozian 2,90
Joozian 1,128
Wonder Woman,16
Redneck 9,9
Redneck 8,16
Kelly Menskin,1
Fireman,50
Redneck 1,6
Mr. Tenorman,38
Redneck 3,3
Zeus,30
Redneck 5,15
Redneck 4,9
Denver Goalie,5
Redneck 6,8
Lab Tech,19
Mall Hankey,42
Sally,154
Guy in Audience,2
Ferrari,7
Ostrich-baby,3
Executor,73
Tweek,520
Gelgamek Cardinal,42
Emcee,17
Chief Justice,115
Her crotch,49
Flannagan,27
Ginger Boy 2,17
Geoff Hamill,121
Paul Harris,50
American Female,10
Haman,9
Younger Daughter,6
Jenny's Mother,12
Road Warrior Queef,21
Mitt,46
Archangel,13
Group,60
Trainer 3,13
Trainer 1,49
Anchorwoman,13
Sixth Graders 2/3,1
Scoutmaster 1,16
Randy, Stan,8
Scoutmaster 2,27
Satan,795
Pharmacist,162
UAA Member 2,1
UAA Member 1,28
Matt Lauer,54
Colleague,3
Left Breast,17
Classmates,1
Diner 1,14
Ranger,40
Shopper 2,49
Squirt 1,8
The Wise One,63
Other Goths,1
Man In Middle,16
Vernon,33
Driver 3's Passenger,13
Stab,17
Diners,7
Brunet Boy,17
Spirit 2,31
Stan,5111
Geologist 1,10
Board Member,29
Steve Irwin,17
Chinese Commentator,110
A Boy,96
Christine,73
Purple Hare 2,5
Sawitsky,66
Male Crew 1,8
Person,81
Dr. Land,46
Jimbo, Ned,2
Akmarh,115
Breeder,90
Frat Boys,1
Secretary 1,9
All the kids,1
Dimitri,21
Female Anchor,24
FBI agent,6
Cornwallis,101
A few others,1
Motorcycle Driver,1
Revelers,6
Muhammad,4
Older Man,97
Mephesto Actor,13
Veteran Guard,125
Stockbroker,63
Ms. Choksondik,687
Ozzy,61
Jimbo,1525
Old Cap,144
Anchor Tom,188
Ninja 1,3
Posse,21
Ralph,22
Jerry,24
Brian,311
Johnny Knoxville,11
LSX Reporter,7
Agent Clark,77
Mr. Garrison,2437
Goateed man,16
Pianist,15
Jarvis,19
Fan wearing a blue star,5
Canadian PM,88
Junjun,29
Older Daughter,10
Female Agent 2,26
Female CPS Agent,16
Jordan,3
Jack,173
Israeli 2,8
Suicide 5,1
Suicide 4,1
Skeeter,434
Suicide 6,1
Suicide 1,5
Suicide 3,1
Suicide 2,1
KoRn,6
Dylan,28
Mr. Geiger,10
Lucas,39
Ted Koppel,114
Castro,5
Native American Chief,23
Players,2
Sparkly Vampire,32
Guy in Leather Jacket,2
Refugee Man 4,28
Mr. Jefferson,5
Jersey Man,22
Chocolate Rain Guy,60
Teen 2,32
All,139
Mrs. Garrsion,31
Glen Dumont,186
Teen 1,45
Mitch Conner,235
Luke,40
Smalls,115
Murderin' Murphy,37
John Garner,134
Willy,27
Brazil,2
Recruiter,27
Teen Boy 6,66
News Reporter,42
A Voice,86
Rich kid,23
Iggy's Ass,7
Gardener,114
Mr. Black,19
Eric Cartman,54
Smithy,65
Whistlin' Willy,19
Schroeder,2
Boombox,62
Drew,24
Indiglo Girls singer,8
Bat dad,21
Harris,136
Flight Attendant 3,6
Flight Attendant 2,3
Flight Attendant 1,7
Helen,4
Judge,343
Televangelist,14
Burns,45
Other Musicians,6
Spontaneous Bootay,3
Kids,206
Barbra Streisand,221
Pirate voice,32
Old Man,17
Mrs. Cotswolds,50
Photographer 1,3
Man 11,79
Man 10,89
Mrs. Miller,94
Man 12,48
Man 15,19
Man 14,38
Man 17,7
President,621
Brunet Man,10
Man 18,4
GRRM,227
Gary Sr,22
Some KKK members,1
Quint 4,4
Quint 5,12
Quint 2,49
Wayne D,55
Teen Boy,43
Quint 1,45
Les Claypool,35
Older sister,1
Wendy, Cartman,8
Bum 18,1
Bum 11,4
Bum 10,1
Bum 13,6
Bum 12,2
Bum 15,1
Bum 14,7
Bum 17,3
Bum 16,3
Sparky,3
Elton,177
Duncan,31
Head of Programming,83
Citizen,12
Det. Jarvis,72
George Lucas,97
Woman 2,169
Derek,28
Denver Fans,1
Tactical Officer,15
Biker 8,6
Neo 2,17
Yoko Ono,68
Gino,49
Other man,3
Clerk,492
Tweek, Craig,1
William,60
A ring tone,4
Glinda,27
Thomas McElroy,10
Woman 8,1
Twirler 2,25
Girl 1,91
Girl 2,45
Girl 3,25
SWAT Hansen,12
Twirler 4,9
Vanity,64
The Pope,10
The Minotaur,37
Blond,133
Head Adventurer,36
UAA 1,18
Blonde Girl,90
Worm,20
Bailiff,9
Minister of Sports,30
Jim Lehrer,66
The Girls,25
Prof. Thomas,127
Coucilman,13
Towelie,387
South Korea,2
Other fans,2
Mickey,225
Frakes,9
The Situation,20
Replacement Friend,2
Chad,70
Foofa,70
Bald Guy,19
Shoe Salesman,22
Girlfriend,43
Varashnu,18
Blond Cop,5
Director 10,6
Rick...,5
Programmer 5,8
Mr. Twig,56
Adolf,26
Zytar,41
Heidi, Millie,2
Romanian Protesters,4
A hippie,17
Member 6,8
Member 7,38
Member 4,1
Member 5,23
Male Staffer,50
Member 3,46
Red, Annie,1
The Guys,1
Voguing Skier,20
Student 1,38
Student 2,17
Student 3,1
Younger Man,7
Japanese Sailor,3
Lieutenant,6
WCB President,52
Martha Stewart,124
Kyle.,3
Clerk 3,64
Uncle,8
Chef Actor,35
Emperor Akihito,150
Clerk 4,67
Really Shocked Man,2
Rebecca,191
Henrietta,378
Bodyguard,3
Liane and Eric,13
Teen boy,17
Reenactor 4,1
Reenactor 2,1
Reenactor 3,1
Reenactor 1,1
Date,4
Edge,36
Gene,20
Waitress,129
Mr. Connolly,342
Denver Player,8
Blind Man,5
Patron,26
Matthew,4
Ganz,133
Craig,842
Kyles,1
Stephen Abootman,304
Fr. Maxi,19
Dr Adams,23
Singers (Widelife),31
Usher,41
Some Kids,1
Mr. Billings,144
Steve Nelson,14
Madonna,5
Cody,108
Caller 2,17
Kyle, Cartman,12
Ms. Williams,21
Fillmore and Friend,1
Shelly,524
Nick Jabs,16
Darth Chef,23
Crowd Members,1
Crip 1,2
Angels,4
Boy Slave,12
Otter 3,4
Otter 2,4
Joanie,2
Junichi,86
Peter Griffin,20
Taller Boy,36
Russel Crowe,19
Hammerhead Man,5
Billy Mays,150
Manager,342
Donald Rumsfeld,5
Band,7
Minister,379
Bea Arthur,2
Programmer 3,6
Donald T. Brown,13
Tall Crip,10
Paolo Captain,39
Brandon Carlile,101
Alarm,13
Confederates,2
Frederick,137
Lucy,37
Terrance,696
Tom Brady,5
Osama and the Taliban Soldiers,1
Rosemary,11
Girl,148
Stout Man,2
Woman With Brown Hair,52
Attorney,234
U.N. Leader,46
Linda Stotch,17
Charise,32
SP Cabbie,70
Head Concierge,9
Brad Paisley,26
Burger King Exec,12
Dr. Katz,61
China,22
Mr. Derp,54
Ghost 2,63
New Teacher,14
Pete,484
Redneck 2,4
Apple Man 2,3
Tim Burton,5
Stacy,3
Black Woman 2,7
Social Worker,65
Male Counselor,30
All three,8
Redneck 7,6
Dave,68
Anne,2
Damanta Unit 5,1
Fanciful Mayor,203
R. Wiley,55
Fifth Grader,65
Female Host,24
Other Vampires,2
Translator,28
Jakovasaur Kid 5,3
Others,22
Some men,5
Mick,63
Mrs. Weatherhead,61
Cartman's voice,4
Mr. Garrison Sr.,141
James Cameron,166
White Bailiff,7
Alien 2,24
Otter Leader,47
Alien 1,4
Frank Hammond,41
Announcer 2,74
Announcer 3,50
Announcer 1,97
al-Zawahri,41
Buddy 2,19
Buddy 1,7
Jakovasaur Boy,6
Expert 10,23
Husband,83
Mrs. Cartman,21
Crewman,7
Corporate Head,20
SWAT Officer 5,3
SWAT Officer 4,10
Jabs,72
Eric Roberts (as Kevin!),22
SWAT Officer 1,12
Agent,317
SWAT Officer 2,107
Louse 13,16
Louse 12,48
Louse 11,8
Louse 10,12
His Date,11
Weasel,5
Reveler 1,1
Reveler 2,7
Reveler 3,1
Reveler 4,1
Reveler 5,1
The Giant,8
Glen,77
Dean Howland,48
Male 2,23
Hippie,49
KFC Exec,43
Another fan,1
David Lee Roth,17
A cat,1
Denver Guard,7
A fan,3
Agent 4,40
Agent 5,21
Agent 6,44
Agent 7,29
PeTA Man,3
Agent 1,132
Agent 2,139
Agent 3,41
Butler,175
Man 25,4
Man 26,4
Man 27,4
Agent 8,20
Agent 9,10
Man 22,4
Profile 3,1
Worker 2,135
Worker 3,29
Worker 1,155
Somebody,3
Worker 4,30
Walsky,42
Profile 1,9
The KKK,4
The Nerds,1
Mrs. Farnickle,70
Police Officer 2,25
Kyle, Kenny,4
Bebe,658
Angelina Jolie,2
Inductee,1
Tom Davis,57
Chris,659
Assistant,193
Mepehsto,13
Pilgrim Girl,1
Soldier,130
Mechanic,274
Ride operator,8
TV Announcer,75
Lead Scientist,148
Veronica,104
Michael Chertoff,338
Peter,322
Controller 2,24
Aide 2,203
Obese Man,2
DogPoo,39
Man with Mustache,7
British Cardinal,50
Laura,104
Britain,40
Karen,121
Computer,48
Wolf Blitzer,35
Camp Warden,110
Turd Sandwich,58
Charlie Sheen,18
Mrs. Polk,23
Lesbian 11,2
Convict 2,15
Miller,44
The three adults,1
Both Cartmans,4
Lorraine,6
Stormtrooper,1
Miner 2,23
Congregants,7
Yolanda,14
Romanian Official,50
Fiancée,82
Miner 3,34
Black Member,11
Tooth Decay,9
CIA Leader 2,64
The Men,3
Researcher 2,14
Researcher 3,3
Mr. Thompson,142
Front Desk Officer,24
Hillary,93
Cajun Shrimper,47
Patty,16
New kid,1
Q Money,53
Cous-Cous,12
Adams,77
KIT-9,33
Elvis' Hologram,17
CD,11
The group,5
Fisherman,21
Mr. Needlebaum,17
Stuart,573
Mr. Testaburger,111
Voice,199
Janitor,73
Secretary,104
Poodle,1
Cowlick Vamp,21
Fillmore,31
Steamy Nicks,4
Bald Convict,18
Hares,17
Elin,56
Slim Reporter,28
Hillary Clinton,38
Duncan Everton,18
Persian,3
Trent,143
FC Fat Player,7
Time Child,166
Lead Ginger,39
Hockey Player,13
Both,78
Horatio,45
Grandma Obama,9
Spokesman,87
Bush,269
Marklar Leader,46
Accordionist,4
All Gingers,1
ATF lead,148
Jacqueline,27
Jeffrey,96
Narrator,1483
Elders,8
Individual in crowd,5
Keenan,161
Terrance/Phillip,7
Pam,13
Fat Abbot,99
Scout,23
The Ladies,1
Ike,496
Male Guest,6
Man in Crowd,2
Polly Prissy Pants,24
Man 2 in Crowd,3
Man in Shorts,20
Woman 1,253
Danish Man,32
Woman 3,74
Señor Lopez,25
Woman 5,14
Woman 4,60
Woman 7,8
Woman 6,5
Fat Girl,28
VJ,26
Steve,392
Denver Team,1
Hollis,146
EFSM President,64
Congressman 1, Cartman,8
UAL Leader,7
ManBearPig,5
Garrison,191
Gates,172
Officer 10,13
Cheetara,2
Black Bitch,33
Mrs, Circlovich,10
Gavin,54
PewDiePie,126
Black kid,7
Male hippie,7
Bridon,144
Driver,409
Delivery Man,19
Lenora,3
Press Coordinator,14
UAL 3,23
Joanie Cunningham,2
Sarah,96
Other men,10
Dr. Neeland,89
Ghandi,10
A crewman,2
AARP member 3,3
AARP member 2,1
AARP member 1,4
Randy Newman,72
Trainer 2,6
Hotline Man,30
Brobee,10
Sheriff,13
Vivian,14
Lollipop King,66
Luke Skywalker,96
Boss,73
Crewman 3,27
Squirrely,104
A Few People,1
Robert Smith,47
Thomas, Kyle,2
Newt,59
Krishna,74
Santa,324
Falcon,21
Gabriel,77
Athlete,14
Thumper,148
Alice,4
Subway Representative,65
Taylor,25
Officer 2,246
Wing,12
Seniors,13
A Girl,28
Miss Stevens,243
P. Sanchez,6
The Wizard,18
Barker,164
Girls' Table,30
Adams County,3
Kindergoth,22
Red Wings Coach,3
Steven,440
Operator,236
Stan and Kyle,15
Ranger Pete,56
Officer 4,78
Smoker,11
Prince,141
Badger,21
Stan, Kyle, Cartman, Kenny,3
Sea Otters,2
Alien 3,1
Ensign,5
Campers,25
Man on Porto Potty,32
A Santa,33
Game Voice,7
Followers,14
Aussie Crewman,5
Bulter,7
Bar Patron,2
Lambtor,15
Field Reporter,864
Jenny, Mark,1
Jim Brown-ish,81
Det. Yates,117
An Anchorman,17
Lamont,204
Right Breast,20
Male Host,42
Ho,5
Singers,345
Gandalf,42
Barkeep,106
Lamond,198
Blue Team,2
Driver 2,62
Elderly Man 10,3
Elderly Man 11,6
Wall-Mart,83
Stewie,8
Donald Trump,1
Mr Garrison,4
Lesbians,5
Man 20,4
Mackey,224
Man 32,4
Satan/Chris,1
Dr. Hallis,180
Amber,24
Laura Tucker,16
Jimmie Johnson,34
Butters,3639
Studio Audience,7
Mr. Hat 2,7
Mr. Hat 1,7
Reporter,1344
Mrs. Gueermo,53
Both sides,1
Jonesy,83
Mr. Slave,282
Conan O'Brien,56
Female Gambler 2,9
Registrar,29
Female Gambler 1,6
Firkle,98
Guest Speaker,36
Dr. Lott,135
Somali 1,4
Fed,8
Somali 2,7
Uriel,56
Truck Driver,155
The Ramseys,1
Mercedes,180
The Jonas Brothers,7
Kyle Schwartz,147
Martha,196
Apple Tech,9
Pi Pi,206
Townsfolk,108
Al Roker,45
Moroccan Cardinal,20
Cabbie,19
McCormick Parents,1
African-American,59
Token's Mother,23
Both men,1
Leonard Maltin,210
Bronco 2,6
Another addict,3
Sarah Valmer,6
Elvin,10
Kyle, Butters,1
Passengers,8
Token's Father,3
The men,4
Barnaby Jones,20
Nick Nolte,43
Baker 2,5
Quincy,94
Lead Biker,249
Other Cardinals,2
Left,25
Mrs. Tweak,166
Shopper,10
Researcher,189
Big-Eared Boy,18
Ms. Havisham,211
Morpheus,204
Guests,11
Tony,79
Meredith Vieira,18
Enrique,1
Michael Deets,105
Peter Panda,42
Jason, Craig, Tweek, Token,3
George Zimmerman,73
Other boys,5
Trooper,5
Josh,342
DJ AM,34
Carson,41
Sia,11
Conner,49
Sid,63
Child singers,11
Mrs. Garrison Sr.,66
Future Butters,13
Sixth Grader 6,11
Sixth Grader 5,10
Guy Fieri,31
Sixth Grader 3,15
Sixth Grader 2,61
Squirrelly Squirrel,58
Ginger 2,19
The other men,1
Sixth Grader 8,1
Justin Bieber,10
The Males,24
Advisor,21
Snetzl,120
Ben Roethlisberger,3
Greeley Man,3
Japanese Man 2,6
Charlie Brown,11
Tooth,13
Reenactors,4
Beelzeboot,38
Bodybuilder,9
With boys,21
Natsako Semu,6
Jeffrey Maynard,69
Japanese Man 1,6
Jakovasaur,53
Tyler Perry,72
Lead Agent,59
Quint #2,8
Kevin Jonas,1
Café 180 Patron,11
Bertha,15
John Ramsey,82
Chris/Saddam,1
Nurse Goodly,16
Bono,148
Raisins Girls,4
Emily,12
Center 2,11
A Guest,8
Sky-fi Reporter,54
Townsperson 3,1
Top Official,57
Brandy's Mom,14
Mrs. Testaburger,90
Chris Crocker,15
Short Reporter,41
One of the Cubs,1
Broncos,2
Marsha,26
Commentator 1,61
Nadia,13
Latino Protesters,5
Brunette 3,6
A Fan,5
Owner,69
Dad,233
Jinbo,17
Tourist,6
Frans,170
Exec. 1,51
Dan,132
Exec. 3,22
Exec. 4,4
Border Guard,6
Monitor Man,2
Grandpa,247
The Males (Randy),32
Boys, Hankeys,5
Road Workers,8
Cartmen,4
Biker 12,5
Biker 13,16
Mr. Gueermo,226
Biker 11,8
Biker 14,5
Biker 15,7
Radio Host,43
DC Crewman,5
Male Nurse,33
Darryl,11
Top Official 2,28
Stan, Kyle, Cartman,20
Biggie Smalls,6
Voice Notification,31
ISIS Spokesman,14
Female Aide,8
TAPS,1
Kale,38
Squirt 2,23
Russell Crowe,395
Paparazzo,13
Tad,165
Randy,3756
Lead Screener,62
Farmer Carl,59
Suzanne,11
Kevin,215
Singer (background singers),106
Research Leader,205
Rex,1
Other Bikers,8
Viewer 3,6
Viewer 1,7
Jay Leno,57
Rep,57
M. C.,32
Nellie,64
Stephen,1107
Rick,368
The Kardashians,1
Butters' profile,8
Redneck 13,62
Red,284
ET Reporter,34
Head,77
Redneck 12,3
Sir 1,11
Anchor 2,3
Timmy,148
Redneck 14,5
Patrick Swayze,26
Fangirls,2
Jerry Sanders,40
Alone,15
Brent Musberger,8
Francis,25
Jason Voorhees,18
Elder 3,15
Elder 2,68
Elder 1,107
Baahir,23
Christina Naylon,43
Hopkins,40
Mrs. Biggle,88
Tweek's Mom,47
Tupac's Hologram,19
Number 24,14
FOX President,189
Other classmates,9
Paramedic,49
Amanda,61
Evan Stone,3
Michael Jackson,29
Denver Pitcher,24
Pirate 8,7
Dean,330
Mr. Jabs,66
MC,223
Marklar,53
Pirate 3,12
Pirate 2,21
Pirate 1,17
Head Baker,26
Pirate 7,6
Pirate 6,14
Pirate 5,33
Pirate 4,39
Travis,237
Ballmer,122
John Edward,238
Gerald, Sheila,3
Waiter,72
Assemblyman 4,16
Old-Timer,17
Bronco 1,6
EOD Leader,34
Assemblyman 3,7
Assemblyman 2,24
Agent Marx,28
Ex-Convict,71
Black Vamp, Mike, and Pete,2
The Broflovskis' Answering Machine,10
Member,10
Old Woman 2,3
Bill Cosby,93
Brett Favre,9
Specialist,100
Customers,2
Australia,24
Chief Running Water,92
Dispatcher 2,9
A Protester,2
Suzette,27
Tiger,112
Whistle,2
Radio Talk Show Host,27
Jill,16
Tammy,199
Inmates,1
TCO Reporter,23
Sally Struthers,94
The Adults,7
Congressman 3,23
Congressman 2,38
Congressman 1,15
Hippie 3,26
Hippie 2,36
Hippie 1,24
Melvins,7
Ben,131
Hippie 6,6
Hippie 5,10
Hippie 4,8
Black boy,1
Dr. Doctor,770
Indy,24
Black Bouncer,7
All the boys,6
Another kid,2
Jimmy,1663
Subway Rep 2,26
Subway Rep 3,18
Louse 9,22
Louse 8,5
Louse 7,27
Louse 6,3
Louse 5,9
Louse 4,6
Dr. Carroll,100
Louse 2,5
Louse 1,4
Magician,16
Joseph Smith,126
Gary Nelson,47
Family,1
Priest 3,5
Caller 1,12
Caller 3,29
Lois,32
Kurt Loder,116
Alien Man,109
Teabag,192
Randy Singing,10
Sharon,1499
Heather,39
Monkey,2
David Carradine,15
Pirate Voice,1
Old Woman,19
Medic,85
Meat Loaf,30
Dr. Oz,110
Queen Spider,15
Ma'am,15
Copilot,39
Robin Hood,21
Rabbi 2,47
Rabbi 1,153
Blonde PeTA Woman,22
Kobe Bryant,40
Man in crowd,1
Rabbi 5,25
Rabbi 4,14
Paul Shaffer,2
Choir Teacher,278
Putin,66
Male Psychic 1,37
Male Psychic 2,25
Male Sailor 1,1
Hotline Voice,85
Male Sailor 2,1
Chief David,125
Tele's Owner,37
Blond Knight,18
Gail,2
Mr. Appleby,25
Secure group,1
Stan, Kenny, Kyle,3
Schlomo,22
Network Anchor,46
Annie,68
Ninja 2,3
Natalie,59
Bill O'Reilly,79
Scott Tenorman,147
Blonde Boy,1
Rockety Rocket,18
The class,3
Paparazzo 2,5
Chief Stevens,46
Patrons,8
Cpt. Gabriel,59
Ben Rothlisberger,8
Martin,43
Nancy Kerrigan,1
Anthropologist,84
Fat Boy,25
Captain Paul Watson,4
Stan/Kenny/ Cartman,11
Red Cross Dude,36
Expert 9,167
Kid 2,48
Yo Gabba Gabba,1
Hard Candy,6
Frat Boy 3,19
Frat Boy 2,1
Frat Boy 1,4
Teen Girl,61
Leslie,187
Sparrow Prince,79
Selena Gomez,15
Kanye,431
Katie,87
Agent Sharp,28
The rest of the boys,1
Farmer 2,18
German 2,3
The Avs,3
Jay,8
John Cena,24
Gene Siskel,2
Sidney Poitier,43
Simon,5
Jimbo Kern,5
DC Captain,25
Show Announcer,10
Cartman's Good Side,18
Elderly man,21
Man In Yellow Jacket,5
Referee,97
Mr. Leon,2
Lead Soldier,10
Mrs. Harris,22
Record Executive,258
Regis,43
A counselor,9
KKK Members,10
Damien,150
Man With No Limbs,30
Snarf,42
NC 9 Reporter,68
Amir,28
Man 3,278
Mrs.Tucker,6
Female Nurse,5
Towel,7
Mr. Valmer,26
Kyle,5100
Customer 2,16
Real Mackey,16
President Hirohito,153
Gordon,45
Roma,38
Board Rep 2,25
Board Rep 1,30
Suicide 7,4
New Kenny,19
Matthew McConaughey,33
Tow Truck Driver,2
Soccer Captain,8
Mr. Evans,187
Elderly Woman,114
Mormons,18
Coordinator,114
Mint-Berry Crunch,307
Blonde Russian,16
Kenya,5
HC Driver 2,1
HC Driver 3,11
HC Driver 4,1
HC Driver 5,10
HC Driver 6,26
HC Driver 7,35
Marilyn Manson,9
Resident 13,4
Japanese Delegate,4
Announcer,2067
Resident 14,4
Lab Tech 3,8
Lab Tech 2,6
Dude,46
Little Girl,29
SWAT Officer,5
Caroline,27
Dr. Biber,247
Janet Reno,108
Spielberg,77
Leeroy,21
Pocket,296
UAL 2,13
UAL 1,20
Salon Girl,22
Gerald, Kyle,12
Officer 9,5
Girl 2's Father,22
A Teen Boy,13
A bodyguard,17
Mr. Brooks,32
Felipe,10
HotForBoys219,45
Head Scoutmaster,87
Geologist 2,38
Small Group,7
Token, Craig,1
Enrique Iglesias,7
Vampir,176
Ms. Turnod,37
Mitch Harris,15
Ugly Bob,206
Elder,123
Formena,5
Comedian,93
Father Maxi,249
Installer,27
Eric,13
Mr. Williams,3
Teen Boy 4,1
Teen Boy 5,12
Squirt leader,223
Teen Boy 7,4
Teen Boy 1,11
Teen Boy 2,22
Teen Boy 3,20
Two Girls,2
Expert 11,6
Teen Boy 8,13
Dr. Adams,265
Kelly,204
Yao,43
Pilgrim King,71
Kyle/Cartman,1
Chef, Veronica,8
The others,1
Stan, Jesus,2
Mr. Allens,41
Pirate,3
Creature,13
ATF agent,54
Mr. Hat,242
Kurt's hologram,37
Grant,44
Randy Marsh,2
Elton John,25
Clerk 1,42
Queen Elizabeth II,13
Matt Stone,17
The Lords,12
Carlos,2
Ride Operator,7
The Other Kids,1
Crowd outside,19
Lead Referee,11
Bundy,120
Dr. Mephesto,207
Marsh Family,6
Britney,67
Blond Officer,10
Factory workers,24
Patrick,23
A Nurse,13
Miles,214
SNN Anchor,111
Jakovasaur Kid 3,4
Mrs. Sanders,5
Jakovasaur Kid 1,3
Rumsfeld,9
Snoop Dogg,95
Jakovasaur Kid 4,2
Canadian Paparazzo,31
Grandpa Marvin,8
Elderly Lady,7
Barbrady,575
Gray Hare,4
FC Batter 1,2
Teresa,186
Lead Agent Collins,22
Mr. Triscotti,32
Passenger 3,23
Passenger 2,11
Passenger 1,35
HC Driver 1,1
Passenger 4,7
Male Activist,4
Peterson,56
Butter's Voice,7
Black Bailiff,2
Mrs. Hakeem,23
FC Team,4
Best Buy President,23
DJ,225
Paris Hilton,15
FC Catcher,5
Tom Snyder,64
DA,94
Cipac,8
Angela Merkel,10
Stage Hand,21
Ginger Girl,3
Blond Man,102
Blood 6,3
Blood 5,6
Blood 4,18
Blood 3,5
Blood 2,8
Blood 1,6
Phl,13
Murphy,283
Emo Boy 1,29
Congregation,44
OC Girl,13
Annoncer,51
McCain,169
Male passenger,8
Dr. Chinstrap,323
Cartman and the Gingers,20
Tank Driver,14
Stephen Tamil,33
Motorcyclist,1
Preacher,11
Mickey Mouse,106
Head of Public Safety,38
Boy Sledders,1
Persian 2,53
Don King,42
Trainer,90
Pueblo Team,2
Chet,82
Brunette,108
Cher,15
Tron Soldier,5
Domino,3
Female director 2,8
Critters,61
Chef,1921
The Freaks,6
SNN reporter,46
Lil Kathie Lee,61
Farrah Fawcett,7
Principal,58
Other priests,3
Iggy,62
Older brother,4
White Official,33
Treasurer 1,40
Treasurer 2,32
Treasurer 3,26
Character,1
James Taylor,17
Mr. Hammerhead,2
Another Mayor,50
Redneck 18,1
Roland,5
Jared Fogle,15
Redneck 11,22
Border Officer 1,22
Border Officer 2,146
Border Officer 3,9
Border Officer 4,22
Border Officer 5,3
Redneck 17,4
Redneck 16,1
Janet,332
Woman,690
Robert Redford,109
Oragne cat,2
Patron 9,7
Saddam,386
McGee-zax,110
Kansas,24
Plex,101
Paratrooper,4
Asian Reporter,43
Dispatcher 1,25
Purry,1
Mime,108
Roostor,3
Mimi,17
James Hetfield,14
Mrs. Hollis,20
Occupant,7
General Disarray,23
Mr. Hollis,52
Punk,2
Creature from the Black Lagoon,15
Chef and Principle Victoria,1
Damla,14
FBI Agents,1
Townsman,93
Older Girl,1
Librarian,53
Eager Man,3
Otters,2
Emo Boy,8
UAL Aide,15
Executives,1
Swiss Delegate,32
Right,8
Angel,22
Resident 10,7
Resident 11,9
Resident 12,16
Joe Strummer,34
Carrot Ass,30
Resident 15,13
Crowd Member,1
Male Anchor,13
Geoff,45
Richie,22
Volunteer 2,51
Collector,16
Pit Crewman,23
The Kids of South Park Elementary,73
Butt Out! Man 3,2
Butt Out! Man 2,12
Butt Out! Man 1,17
Rick James,21
Jessica's Mom,3
Patricia,12
Crew,2
Alarm: Alert.,11
Marvin,396
McCain, Obama,2
Second Baseman,7
Japanese Pilot,1
Sniper,1
Bobo,50
Male Aide,5
CNN Reporter,67
City Wok Owner,43
Police Chief,77
Kelly Rutherfordmenskin,1
A singer,6
Members,16
Thad,23
Figure 1,26
Instructor,115
Siimon,4
Crab People,2
Benjamin,2
Harrison Moore,128
Xerxes,83
Johnson,76
New Yorker 1,1
Barkley,18
Gingers,41
DC Crew,3
Blonde Nurse,10
Blonde Protester,11
Profile Stan Marsh,66
Nichole,157
Landlord,11
Fingerbang,29
Sgt. Yates,370
Hansen,200
Rescuer,13
Constance,9
Canadian 3,1
Canadian 2,4
Stephen, Butters,8
Headless Horseman,7
Someone in the crowd,1
P.F. Pityef,185
Alien,241
Chris Swollenballs,82
Black Officer,11
Elderly Driver,32
Band Member 1,37
Band Member 2,22
Band Member 3,5
Death,4
Guest,39
Skyler,307
Jessie,28
Netzel,157
Bob Dole,24
Maitre D,53
Electronic Head,15
Pearl,184
Confederate 2,14
Alex Spanos,16
Soldier 6,15
Paul Stanley,39
Old Folks,2
Elderly Tree Hugger,5
Leader,206
Riley,45
Skier,2
Boy in Green Shirt,64
Kyle's Side,1
Assembly,1
Man in briefs,8
Dream Estella,9
Canadian 1,7
Protestor #5,12
Protestor #4,2
Protestor #3,30
Protestor #2,8
Protestor #1,7
Voice-over,117
Dentist,81
Boat Ride Singers,21
Reporters,4
Dora,14
Great-Great-Grampa,56
Soldier 7,2
Princess,31
Gnomes,7
Anchorman 2,19
Angel 12,6
Angel 10,4
Angel 11,10
Madman,17
Mosquito,155
Phil,239
Together,51
Muslim 2,12
Scientist 1,86
Kurt Russell,91
Scientist 3,7
Scientist 2,86
Scientist 5,6
Scientist 4,4
The Clergy,8
Emo Girl,17
Chris Martin,79
Numa Numa,7
Performer,2
Chinese Officer,3
Detective 3,33
Gary Condit,44
Homeless Advisor,158
Commander,269
McDonald's Exec,122
A Terrorist,1
Fireman 1,43
Blond Girl,21
Fireman 3,3
Fireman 2,67
MJ Hologram,45
Blond man,14
Melissa,12
Obese Woman,29
Ethiopian,7
New Director,8
A Congressman,16
Peters,6
Grey Hat,46
Sgt. Boll,17
A Melvin,11
Linda,738
Voice 1,5
Voice 2,7
Groupie,13
Bear cub,1
Reveler,2
Celine Dion,102
Trainee Barbrady,17
Muno,16
Blond Trekker,25
Danish Woman,5
Protesters,22
Nicole, Lola, Annie,1
Stripper,16
Choir Girl,34
Soldier 3,60
Jakovasaurs,3
Grizzled Man,3
Cowboy 2,8
Carol,77
Man On Crutches,3
Princess Diana,9
Benedict XVI,21
Injured Man,10
Ed Sullivan,24
Shopper 1,41
Babrady,59
Leroy,32
Spirit,43
Other Men,8
The Boy,5
Police Chief Stevens,36
Lao Tse,21
Soldier 2,62
Sixth Grader 4,19
Female Agent,28
Director 6,14
DVDA,13
Suitcase,7
Sixth Grader 1,130
Female fan,4
Aide,198
Chef's mom,46
Storm Trooper,12
Marksman,12
Rancher Bob,173
Pizza Man,9
Rabbity Rabbit,4
Stan Marsh,14
Kids in Class,2
Center Gnome,4
Sawitzky,37
An Agent,3
Man 16,18
Judge Moses,63
Tom Vilsack,140
Man 19,4
Mexicans,7
Daniel,54
Missy,4
Sixth Grader 9,10
Crab Leader,40
Aussie,172
Nurse Gollum,198
Critter,7
UAL Member 1,1
Geraldo,139
Paparazzo 9,26
Paparazzo 8,14
Big Stan,24
A Bishop,4
Mrs. Applegate,2
Mr. Weatherhead,238
Female Sailor,2
Paparazzo 3,3
Lt. Nelson,64
Paparazzo 5,2
Paparazzo 7,10
Other Women,5
Toss-a-Ball Operator,9
Guy 1,1
Guy 2,1
REO Speedwagon,28
Legless Boy,5
Analyst,11
Steve Forbes,13
President Clinton,78
With Demons,3
Student,96
Kyle 1,111
Mona,23
Phillip,613
Grandma,101
Mrs. Brown,16
Monk,2
Soldier 4,36
Other students,2
Token,725
Other kids,10
Redneck 28,5
Redneck 29,4
Mortician,45
Redneck 24,4
Redneck 25,4
Redneck 26,4
Redneck 27,3
Redneck 20,8
Redneck 21,3
Redneck 22,9
Quint 3,52
Shari,20
Producer,439
Elmo,32
Pig,12
Player 70,21
Fat Priest,9
Carlos Ramirez,56
Brunette Nurse,8
Pip,569
Frothgar,47
Man,679
Pueblo Dad,5
Cartman's Bad Side,10
Neo,32
Cartman (Butters),32
Bearded man,6
Marc,29
Gerald,1434
Ned,286
Lou,73
Elderly Priest,50
Mark,468
Backup Singers,2
Master,66
Ellen,48
Hankey Elf,18
Employee,23
Car Salesman,5
Mary,70
Boy Announcer,14
Romper Stomper,190
Gretchen,17
Lady Member 2,37
Men,43
Pharaoh,81
Ticket 2974 Holder,4
Tough Guy 2,15
Guy in flat top,2
The Women,1
New Cartman,138
Earl,8
Lawyer,216
Kenny's Mom,52
Stranger,17
Kenny G,16
Chef (falsetto),54
John Elway,26
EVGames Clerk,12
Brunet Member,4
Trey Parker,42
Jeff VanVonderen,94
Hippies and Kyle,3
Wrestler,11
A Teacher,18
Protester 7,3
Protester 6,1
Protester 5,1
Jimmy Buffett,47
Indian 1,14
Protester 2,13
Protester 1,20
Teller,129
Spiky Vamp,6
Mouse,18
French Delegate,41
Tall Goth,106
Millionaires,2
Biker 9,1
Scientist,143
Younger Boy,34
Blaine,166
Corey,198
Biker 2,61
Biker 3,5
Biker 4,13
Biker 5,9
Biker 6,66
Biker 7,16
Music Instructor,52
Larson,48
Woodland Critters,25
Ms. Sanders,41
War Protester,16
Cowboy 1,4
Senator 4,12
Senator 3,27
Senator 2,41
Senator 1,26
Townsman 8,4
Townsman 7,12
Townsman 6,27
Townsman 5,11
Townsman 4,9
Townsman 3,9
Townsman 2,29
Townsman 1,23
Postmaster,57
Quadraplegic Swiss man,37
Conductor,71
Mrs. Garthunk,158
Bar Patrons,2
Police Officer,43
Officer Barbrady,603
Cable Guy,115
King Claudius,23
GS-401,76
The Ramseys and Condit,3
Morgan Freeman,188
Melvin 4,1
Melvin 1,6
Melvin 3,9
Obama,454
Singer,452
Winner,2
Sphinx,164
Cowboy,24
Creamy Goodness,110
Bum,27
Penis, Mouse,5
Mormon 4,15
Mormon 5,3
Mormon 6,20
AA Speaker,12
Mormon 1,49
Mormon 2,52
Harry,149
The Dragon,21
Specialist 4,13
Specialist 3,42
Guide,122
Specialist 1,74
Jersey Woman,7
Jim Rome,172
House,33
Afghan Boys,33
Whoopi,19
Tough Boy 1,21
Tough Boy 2,18
Joseph,1
Lion Cub 2,37
Lion Cub 3,47
Lion Cub 1,36
Mover,3
Romanian official,23
Filmore*,1
Kids, Chef,3
Cupid Me,58
Cinderella,24
Layman,33
Mr. Hankey, Cornwallis,16
Proprietor,7
Staffer,20
Protester,24
Skynard Man,4
Tommy and His Dad,2
Male Member,1
Coach Connors,146
Woman Supporter 2,4
Woman Supporter 1,7
Jake,10
Brother Anderson,10
Broderick,29
Kevin Donahue's profile,7
Angel 4,12
Angel 5,26
Angel 6,5
Angel 7,4
Barber,11
Angel 1,3
Angel 2,3
Francis Ford Coppola,14
Lead tech,82
SNN anchor,13
Palin,127
Mysterion,492
Scott,661
Lady,9
Mr. Kitty,1
A Council Member,3
Fieldy,95
Alex,54
Vladimir,91
Hemorrhoid,2
Fields,6
Mrs. Donovan,50
The Marshes' Answering Machine,13
Alien Carl,7
Supporter,3
Crab Solo,5
Uncle Howard,12
The Nuggets,1
Guard 2,154
The New Lyrics,60
Police Officer 1,2
Adam Sandler,59
Strummer,17
The Phantom,6
Executive,21
Det. Harris,258
Springer,8
Player 6,8
Therapist,196
Player 3,9
Player 2,2
Player 1,22
Pablo,58
Weird Hat Guy,6
Fifth Graders,1
Other mothers,6
Record Producer,173
News 4 Reporter,126
Network President,136
Boy 5,20
Boy 4,43
Boy 3,50
Boy 2,134
Boy 1,198
Jai,24
Father,207
Center 1,2
French Captain,69
Tracy,45
Commentator 2,41
ALF Member,7
Russell Crowe (off-screen),5
Parents,9
Tan Jovi,19
Bebe, New Kid,1
Moses,134
Sorcerer,88
Fat Plumber,9
Nelly,135
Man with Terrible Skin Condition,120
Kathie Lee,36
Train Conductor,32
Phlllip,2
Bob Thomas,90
Another Man,2
Nut Gobbler,96
Line Ride Operator,27
Lil Kim,4
Richards,95
Moviegoer,4
Gas Mask PeTA Member,14
Jim,18
Hancock,28
Nagix,77
Mr. Cotswolds,194
Av 1,29
A Hall Monitor,10
Security Agent,106
Ghost,18
Twirler 3,9
Tree hugger,13
Twirler 1,19
Mr. Takiyama,128
BHI President,80
Mr Mackey,16
Gary Coleman,4
Class,105
George Bailey,38
Richard Tweek,9
Soldiers,15
Randy's Boss,9
Mrs. Garrison,1077
Chase,39
Former Coach,6
Paula Deen,25
Café Monet diner,7
Disney Exec 2,15
Disney Exec 3,14
Lars Ulrich,20
Disney Exec 1,16
Mr. Ose,110
A caller,23
Redneck 30,1
Detective 4,12
Fire Captain,103
Secure Group,1
Stan, Kyle, Blanket,1
All Celebrities,1
Brunette 2,2
Patient,5
Anderson Cooper,61
Pirate Ghost cutout,1
Head Agent,7
Worker,147
A Diner,7
Audience Member,5
Tuong,212
Girl in O T-shirt,9
Dick Dastardly,4
Profile 6,9
Profile 4,1
Profile 5,8
Profile 2,9
Gnome,74
Pimp,44
Susan,71
Charlie,122
Sylvester,1
Finland,35
Michelle Obama,81
Mike, Michael, and Pete,2
President Calderón,55
Someone,13
The Crew,2
Boy In The Red Shirt,50
Voice-Over,65
Lead Knight,63
Mr. Varcas,47
Sledders,1
Female director,16
Tron Guy,47
Girl In Pink,5
Loa Tse,3
Hat McCollough,27
Retarded Fish,7
Alec Baldwin,108
Stan, Kyle, Butters, Token,1
Jared,306
Rebecca Turnod,93
Exec. 2,65
Osric,10
Congressmen,7
Devil,10
Man in Wheelchair,61
Tom Cruise,325
Stan, Kyle,81
The Broflovskis,7
Cantor,12
Cardinal,28
Tom,659
Kindergartner,13
Crips,6
Jada Pinkett Smith,25
Officer Harris,7
P-Train,40
Driver 1,34
HBC Reporter,29
Blonde Judge,3
Driver 4,7
Driver 5,8
Niles,302
Townswoman 2,2
Townswoman 1,2
Randy, Gerald,1
The Queer Eye Guys,2
Receptionist 2,23
CIA Vice Head,52
Warden,118
Connor,2
Russian,66
Mr. Nelson,205
SS Agent 2,7
Other girls,1
Broloff,182
Mr. Tweek,10
Nibblet,12
DC Crewmen,4
General Tso,87
American,3
Roger,196
Girl in Puppy T-shirt,25
Clinton,91
Frank Sinatra,26
Runs With Premise,63
A Politician,2
Sheila,1188
Otter Soldier,4
Greenfield,185
Otis,31
Mr. Waters,19
President Wulff,111
Other Sixth Graders,2
A Sign-Holder,3
SP Team,6
Jakartha,54
Hitler,21
Satan and Males,1
Jersey People,6
Hare 1,2
Hare 2,2
Hare 3,5
Hare 4,2
Hare 5,8
Hare 6,5
Hare 7,6
Shoppers,15
Mr. Farnickle,8
Speaker,172
Mrs. Stevens,90
Thompson,21
Volunteer 4,7
Teens,1
Homeowner,90
Sgt. Masters,16
Cruise, Travolta,20
Sussan,9
M.C,10
Al,48
Gary Sr.,139
Chubby Official,82
Frances,26
Female Reporter,49
AARP member,27
Clerk 2,68
Dougie,237
Goodly,24
George Burns,22
Lead Vampire,23
Ishmael,1
Don,54
Kip's Mom,55
Her Blossom,7
Man 31,4
Union Reenactors,1
Raisins Girl,24
Aaron Brown,133
Bob Summers,44
Tom Hanks,28
Mediator,71
Bellboy,14
Ohrlich,83
Anchorman,403
Lisa,152
Residents,8
Emir,86
Betsy MacIntosh,54
Tugger,11
PA System,26
Everyone,34
Demon 2,12
Bearded Man,56
Man 30,4
Stevens,10
Dick Cheney,6
Priest 2,29
Bushy Eyebrows Boy,9
Spectator 3,1
Player,97
Candice,43
Chef (recording),5
Tech,6
Denver Player 2,12
Denver Player 3,7
Denver Player 4,10
Elder Harris,52
Evil Cartman,162
News Anchor 2,58
Gerald and Sheila,1
Female Detective,30
Girl with Brown Coat,3
Geddy Lee,19
Mr. Hart,25
The King,9
Male voice,4
Redhead,24
Trinity,15
Stan, Kyle, Butters,1
Photographer 3,2
Sgt. Larsen,14
Evil Stan,39
Emmanuel Lewis,40
Freddy Krueger,79
The other boys,7
ESPN Host,126
Volunteer 3,36
Mrs. Landis,31
Kid's Mom,17
Police Commissioner,9
Lola, Jenny, Red, and Wendy,1
Pilot,155
Larsen,71
Female Voice,61
Cheerleader 2,4
Assemblywoman 1,24
Mingie,321
Assemblywoman 2,41
Dr. Spookalot,17
Michael,876
Female voice,1
Officers,4
Police drone,16
Bab,8
Banker,8
Heidi's Mom,12
The Boys,121
Astronaut 2,23
Skid Row,28
Astronaut 1,31
Iron Maiden,4
Indian Chief,43
Terrorists,1
Aliens,7
Blond Russian,21
Michael Dorn,57
A few people,1
Camp Soldier,24
The Streible Girls,1
An Aged Voice,1
Canadian Man,16
Middle Prostitute,8
Principal Victoria,1000
New Yorker,13
Big Man,25
Stanley,3
Employee 2,2
Employee 3,13
Employee 1,7
The Japanese,7
Inmate,17
Jefferson,47
PS4 Army,4
Obese Lady,5
Transient Man 6,27
Gary Johnson's profile,7
Dominique and Zizi,1
DP Executive 2,8
DP Executive 3,24
DP Executive 4,3
DP Executive 5,6
DP Executive 6,17
Clyde Frog,21
Member 2,54
Bridon, Wendy,14
Host 1,58
Host 2,48
Saddam/Chris,7
Greeter,44
Nathan's Dad,5
Coon,702
All five quints in unison,5
Older Worker,21
Estella,148
Supporter 5,15
Priests,4
Supporter 3,7
Supporter 2,10
Supporter 1,39
A Quint,13
Jeff,219
Mel Gibson,42
Bill's hologram,17
Male,43
Fosse,89
A skier,7
Jesus,1029
Cartman Smurf,42
Ranger McFriendly,154
People,13
Ed,26
Elderly Passenger,12
Bros,1
Giant Douche,70
Brunet Trekker,32
Midnight Vampire,24
Police Radio,9
Doctor Pal,136
Lexus,137
Some Folks,1
O'Reilly,28
Chickadee-y,48
AAA Leader,39
Manson,269
Bebe's Mom,82
Kid 1,46
Kid 3,14
Citizen 2,6
Kid 5,3
Kid 4,36
Goat leader,18
Connelly,195
Mrs. McCormick,373
Inductee 2,2
Blond Agent,18
Lesbian 7,12
Lesbian 6,15
Lesbian 5,4
NAMBLA Leader,181
Rancher,176
Viewer 2,4
Lesbian 9,3
Mrs. Tucker,31
Gloria Allred,58
Officer Bob,3
Butters, Cartman,4
Howard,147
Pope Benedict,78
Zombie,4
Vacationer 1,22
Larry,339
Local Announcer 1,19
Large Woman,24
Rudy,26
Deck Hand,13
Boyfriend,30
Christina Aguilera monster,2
People's Army Leader,62
Ticket Salesman,113
Sarah McLachlan,65
K-10,37
A guest,7
Young Worker,23
Mrs. Feegan,49
Publisher 2,76
Publisher 1,77
Dental Floss,26
Two SWAT men,2
Crew, Stan,1
Female hippie,6
Adults,26
Country Singer,42
Mr. Yelman,36
Ramdu,7
Mr. T,5
Man 2, Woman 2,1
Trashman,11
Stan and Kenny,2
Hildog Fan,3
Judge 2,16
Judge 3,1
Male Louse,20
Judge 1,39
Numa Numa Guy,1
Greeley Team,4
Elise,104
Mr. Vladchick,9
Italian Cardinal,124
Postman,39
McDaniels,16
God,198
Ellen DeGeneres,45
Prime Minister,46
Douglas,2
Maintenance Guy,41
A Guard,3
R. West,24
Man with Foot on Head,116
Chamber of Farts Operator,24
Dale Earnhardt, Jr.,11
The Parents,24
Pink Hare,44
The Boys and The Brandos,1
Man 29,4
Allyson,138
John Travolta,49
Supporters,17
Kip,102
A man,12
Predator,10
Arab,26
David Letterman,35
Germany,15
Kim,17
Mayor McDaniels,553
Obese Man 2,8
Yanogapa 1,1
Center Judge,61
Kid,31
Ike Supporter,3
Charles Biggens,30
Yamal,11
Puerto Rican Player,7
Caller,31
M,30
Jakovasaur Kid 2,3
Best Buy Rep,25
Jimmy Kimmel,27
Chief,169
Blavius,135
Van Gelder, Mr. Mackey,20
Looter 4,3
Looter 3,4
Jeff Gordon,22
Mr. Hakeem,68
Both Kyles,1
Larry King,139
Musician 3,1
Musician 2,15
Choir Boy,34
Hazmat man,4
Thin Plumber,14
Stan/Kyle/ Cartman,3
Rumpertumskin,63
Bennigan's Chef,8
Blackjack Dealer,31
Lola,128
FOX 11 Anchor,32
Mrs. Streible,1
Miss Aliton,20
Mrs. Turner,66
Actors,56
A Member,3
Kenny, Stan, Cartman,2
Icarus,12
The Class,8
Emo Boy 2,12
Pirate Choir,6
Muslim,1
A Woman,38
Blonde PeTA Member,10
Some People,1
Jo,33
Jakov,209
Loogie,242
Various Folk,1
Hippies,23
Prostitute,5
Michelle,218
DiCaprio,96
Magic,96
Wife,96
Voguing Skier 2,8
Aunt Flo,86
The other kids,8
FDA Agent 1,2
Pioneer Paul,196
Butt Out!,31
The Colonel,119
Counselor,84
Diner 2,15
A pilot,4
Passenger,120
Lowes Pit Boss,12
Grammy,159
Demon 3,64
Rabbity,44
Orc,9
Staffer 2,32
Staffer 3,13
Singer (and backup singers),78
Staffer 1,23
Bishop 3,5
Stingray Announcer,34
Female,35
Chief of Security,85
Jakovasaur Girl,2
Robert Pooner,151
Blonde,164
Harold,29
AARP lookout,4
White Bitch,14
Field Reporter 3,50
Little Boy,8
A boy,2
Field Reporter 2,27
A Musician,6
Number 37,77
France,15
Cheesy Poofs Commercial,26
Naked Man,19
An old farmer,79
Mama,117
Muscleman Marc,35
Lolly,77
Nun,19
Talk Show Host,26
Premise Running Thin,1
Demon 1,84
The Other Boys,4
With Males,9
Colin,7
Patrick Duffy,11
Resident 8,18
Mr. Meryl,170
Three kids,7
Pope Francis,17
Terry,182
Resident 2,23
Al-Zawahri,38
A Doctor,17
Resident 1,63
Resident 6,9
Puff Daddy,94
Resident 4,75
Resident 5,10
King,66
Beavery,89
Judge 4,24
Abraham Lincoln,149
Porcupiney,39
Refugee Man 3,22
Black Woman,6
The Others,1
McGillicuddy,56
Eric Roberts,15
Optometrist,2
Kyle Broflovski,36
Refugees,3
R. Kelly,61
More Voices,2
Detective,226
Lamb Chop,42
Jason,141
Blaintologist,18
Chip,1
Orator 2,42
Orator 1,35
Nerd #1,185
New Mormon,8
Third Graders,6
Nerd #2,133
Brown Hare,3
Dawson,243
Howard Stern,100
Shades Vamp,9
Superman,42
Alton Brown,46
Male CPS Agent,48
Males,14
Kindergarten boy,6
Kyle, Stan, Cartman,1
Townspeople,6
Denver Poll Worker,25
Another kindergartner,3
Kyan,58
Clyde,776
Cheerleader 1,2
Frida,14
Mr. Torres,1
Paparazzo 6,11
Drummer,3
White Hare,2
George Bush,59
Ben Affleck,2
Mrs. Wyland,4
Janitor 2,3
Ticket Teller,18
OC Member 3,28
OC Member 2,10
OC Member 1,54
Purity Boy 2,15
Carl,36
Penis,10
Dahmer,56
Psychic,59
Women,11
American Male 2,9
American Male 3,3
Executive 1,82
Daughter,44
Kids at Finish Line,7
Blond Boy,2
Ms. Ellen,226
Middling Group,6
Cartman's Conscience,12
The other four,1
Donna,12
Tad's friends,2
Chief elder,185
Fan 1,20
Filmore's Supporters,1
Rachel,36
Demon,1
Board Rep,149
Cpt. Taylor,108
Mongolian,3
Stan/Kyle,7
Evil Kyle,44
Official 1,73
Official 3,17
Official 2,40
Italy,11
Japanese Man 3,6
Photographer,96
Charlotte Poll Worker,9
Scuzzlebutt,3
Cheney,4
Japanese Man 5,6
Japanese Man 4,3
Canyoner,26
Cartmans/Boys,32
Robot Guard,1
Cee Lo Green,25
Token's father,10
Foley,21
Refugee Man 1,6
Refugee Man 2,26
Esther,5
Jonas Brothers,131
Refugee Man 5,68
Associate,15
Otter 1,30
Human Wendy,30
Red Goth,113
Deputy 1,15
Cops,23
Deputy 2,2
Man 13,13
BSM-471,222
People in Audience,2
Transient Man 5,81
Transient Man 4,26
Phyllis,51
Chief Running Pinto (Tommy Chong in his stoner voice),15
Transient Man 1,29
Transient Man 3,23
Girl with Blue Vest,4
Cop,16
Cow,13
Fire Marshal,103
A Man,30
Jennifer Lopez,198
Promoter,91
Chorus,8
Some people,4
Mr. Tucker,29
Nancy,61
Mr. Farkle,49
Hispanic Reporter,91
Sound Engineer,23
Bobby Flay,28
The Harrisons,5
Carter,40
Programmer 4,3
Assemblyman 1,13
Mrs. Melman,7
Crip 2,11
Programmer 1,2
Programmer 2,15
The TV,4
Bible Vendor,6
Millionaire 1,6
An Expert,32
Melita,38
Zipliner,1
Barack Obama,5
Programmer,10
Dennis,21
Operative,2
Nelson,186
Ed McMahon,15
Reeve,186
Random Voices,3
Roadie 2,8
Porsche,98
Agent 12,14
Agent 10,9
Agent 11,6
Celine, Terrance, Bob, Phillip, and people on the field,8
Mr. Turner,55
Fans,13
Tyler,25
Roadie,20
Ms. Crabtree,275
Cartman, Kyle, Kenny,2
Alias 3,8
Alias 2,10
Alias 1,26
Controller 1,15
Confederate Reenactors,1
Alias 4,9
Jersey Man 2,7
Lesbian 10,11
Paul Allen,20
Number 17,29
Mr. Hankey,608
Other acts,1
Marine,6
Goodell,93
BBC Anchor,27
Guard on Right,9
Dio,55
Boy #1,15
Boy #2,29
President Bush,100
Three Tortured Souls,3
Crowd members,4
BP Man 4,3
Guide 1,11
Thom,117
Billy,224
Bar Patron 2,19
Aslan,230
Man in Back,1
Head nurse,10
ESPN Announcer,13
Pirates,11
Kenny,1004
Millionaire Protesters,4
BP Man 1,9
OC,1
Kyle, Towelie,1
Teacher,197
Bradley,157
Lead Alien,38
Laborers,5
Geldon,5
T-Shirt Vendor,9
M. Night Shyalaman,38
Crip,16
Paparazzo 10,16
TSA Agent 1,34
President Obama,141
Stagehand,96
Weird Man,21
Gerald/Chris,3
Other Seniors,1
Stan, Kyle, Kenny, Cartman,2
Mr. Biggle,82
Toby,19
An Official,6
Isiah,26
Flight Attendant,133
Prosecutor,78
Other psychics,1
Mr. Streible,75
Lesbian 4,13
Chef, Victoria, Mackey,1
Jesse Jackson,67
Frank,244
Artist,13
Brett,96
Sixth Graders,8
Mephesto,640
The Three Spirits,5
Dr. Doom,7
Big Harry,72
The Kids,4
Attendant,47
Third Official,16
Boy,185
French Canadians,25
Elon Musk,69
Guests in line,1
Large Crip,5
Bill,278
Girl in Pink,110
People in Crowd,8
David,180
Bikers,7
Toss-A-Ball Operator,27
Head Waiter,30
Governor,192
HazMat official,10
Davis,42
Businessman,14
Michael Collins,50
Russia,6
Sheila, Gerald,7
Japanese Woman,9
Alvin,8
Bart,59
Ron,192
Older Louse,39
Rod,13
MJ's Hologram,15
Captain Bly,11
Roy,125
Mohawk Vamp,6
Falsetto,41
Pat O'Brien,40
Mr. Grazier,136
Mr. Bell,48
Captain,270
Leonardo DiCaprio,12
Mr. Stevenson,91
Man 9,65
Man 8,89
Beary,70
Scary Assistant,17
Case Worker,37
Man 1,473
Spy Angel,27
Both parents,1
Man 2,418
Man 5,133
Man 4,202
Man 7,123
Man 6,107
Hasselback,2
Michael Bay,51
Hula Dancers,9
A Dentist,2
Violet Hare,8
Cartman on Left,29
FC Pitcher,51
Bum 3,5
French Cardinal,24
Kitty,15
Megan,2
Cleric 1,8
Ugly Girl,2
Sports Reporter,13
Joe Jonas,26
Motel Clerk,31
Grandmama,95
Stinky,29
Policeman Brown,21
Security Guard 1,6
Bartender,67
Bus Driver,134
Mr. Casher,23
Patron with hat,13
Mr. Johnson,14
Gunsmith,57
Soloist,18
Foreman,61
New Yorkers,1
Large woman,18
Transient Man 2,19
Blacksmith,6
Wigger,25
O.J. Simpson,17
Star Wars Kid,21
Big Woman,21
Mayor McDaniels.,5
Kevin Harris,115
Shopper 12,4
NAMBLA Member,13
Kyle, Stan,4
Roulette Dealer,4
Boy #1*,25
Shvek,163
Grampa,202
Native paddler in vest,3
Shopper 11,3
Bum 8,1
Dr. Schwartz,65
Cruise,83
Dr. Roberts,159
Grandmother Mother,11
Florence,53
Confederate 1,1
Bob,158
Butters and the Freaks,48
Bum 4,1
Karl Rove,10
Black Vamp,93
A Page,3
Personnel,7
Nick Jonas,3
Townsperson 2,6
Steve Jobs,217
Mencia,63
Uncle Murray,7
Mrs. Appleby,37
Neely, Davis,2
Cartman's Side,1
An Officer,18
First Mate,12
Counselor Steve,9
Kyle/Stan,1
Voices,8
Sandy Cervix,103
Director 2,104
Director 3,97
Commissioner,1
Director 1,54
Mr. Mackey's Father,11
Director 7,17
Director 4,22
Director 5,35
TV,22
Director 8,13
Director 9,2
Prop. 10 Supporter,4
Agent Keen,49
Danica Patrick,20
Whispers,8
A Cowboy,19
Print Reporter,13
Fleetwood Mac,16
Mr. Donaldson,142
Principa Victoria,1
Marvin Marsh,4
Burly man,21
Customer,62
Neely,18
Tony Kornheiser,48
Perseus,65
Cartman on Right,5
Cast,34
Frankenstein Alien,29
Mousey,48
Munky,45
Queen Gertrude,13
Dentists,2
Emmett,13
Beavery Beaver,25
Clinic Doctor,166
Clean Garrison,77
Ruby Tucker,1
Michael Buffer,45
Webber,49
Guard 8,16
Guard 9,6
Blonde PeTA Member 2,25
Craig's Father,15
Mel,157
A voice,108
Guard 1,104
The boys,23
Guard 3,47
Guard 4,8
Guard 5,3
Guard 6,19
Guard 7,5
Lars,26
Man With Picket Sign,3
Henchman,4
Disfigured Country Singer,109
Coworker,3
Fan wearing #3,8
Scouts,15
Fonzie,13
Visitor Driver,1
Dispatcher 3,12
Betsy,157
Indian Ambassador,9
Apple Man 4,5
Elder Schwartz,28
Leprechaun,40
Gil,5
Robber 1,41
Robber 2,28
Robber 3,20
Robber 4,23
Apple Man 1,81
Bonds,7
Louse 3,3
Mr. Glughgogawk,1
Mall Bunny,58
Joint,35
A British person,45
Intruder,86
Sixth Grader,22
Nurse 1,6
Chinese kid,4
Hell Director,40
Canadian,4
A woman,12
A director,3
Clown,8
Tuong Lu Kim,367
Stan, Cartman,18
Mrs. Brooks,37
John Walsh,63
Vamps,2
Afro Ninja,23
Tad and friends,2
Ambassador,52
Computer Voice,22
Floating Man,1
Ethiopians,3
Woodpeckery,16
Mr. Brown,78
Kanye (backup singers),97
Manning,14
Resident Bishop,32
NAMBLA leader,77
SNN Correspondent,79
Partner,131
Cesar,263
A few Congressmen,5
Liane and Cartman,20
A Banana,9
White Chef,26
Gambler 3,11
Gambler 2,10
Gambler 1,10
Jerry Jones,7
Gambler 4,7
A Fangirl,4
Nurse,189
Mailman and Kids,30
Other Officers,10
Cartman, Butters,15
Jessica,39
Rescuer 2,28
Rescuer 3,13
Rescuer 1,44
Rescuer 6,5
Rescuer 4,6
Rescuer 5,5
Tucker,87
Boys,135
The Family,1
Everyone Else,3
Cartamn,6
Mrs.McCormick,36
Guest 1,2
Cavity Creeps,5
TV Newscaster,26
Marty,84
Publisher,69
Field Reporter 1,80
Official,145
Man in foreground,1
Photo Seller,16
Lead FBI agent,17
Professor Chaos,284
Surgeon-General,59
Stuart and wife, and Receptionist,1
Steve "Last Call",24
Referee 2,5
UPS Man,103
Some audience members,2
Dr. Phil,90
Other Students,1
The Tape,71
Aunt Jemima,43
Gerry's Daughters,1
TSA Agent 2,40
Michael Taylor,15
Staff,4
ALF Leader,108
Vet,57
Instructors,4
Biker 10,18
Doctor,831
Dan Snyder,162
Chief Joe,71
Robert,162
Princesses,26
Older Boy,85
Nick,35
Army Doctor,6
Paparazzo 11,6
Fan wearing #74,3
Paparazzo 12,12
A bishop,33
Ms. Garrison,89
Elder Carn,6
Dale,4
Toothbrush,13
Females,20
All Three,3
Bookie,15
Lady 2,14
Lady 1,47
Katherine,129
The Cotswolds,6
Susan92's profile,9
Yanogapa,1
Choir,107
Dr. Janus,301
The New Lyrics, part II,70
Bill Clinton,27
Co-Worker,2
Short Man,26
Richard Tweak,299
M.C.,147
Bee Alien,23
Protester 4,8
DOI 1,130
Mimsy,249
DOI 3,20
DOI 2,90
Protester 3,15
Fan wearing #82,3
Pirate Ghost 2,1
Captain Hindsight,234
Deery Deer,13
Darryl Weathers,299
Trucker,54
Mountie,10
Bearded PeTA Member,33
Mamsie,22
Nicole,59
Background Singers,6
Israeli,10
CNN Anchor,111
SNN Reporter,107
FBI Agent,114
Fire Chief,7
DP Executive 1,10
Dr. Tonton,37
Rider 2,4
Rider 1,14
Rabbi 3,22
Joline,51
Cop 2,22
Contestant,11
Lead Convict,20
Poor Mom,21
Hackman,76
Elderly Man 4,11
Autumn,89
Pink Monster,20
Stan and Jesus,4
Schwarzenegger,21
Elderly Man 2,24
Elderly Man 3,6
Old Monk,52
Elderly Man 9,12
Psycho Janus,19
Beast,12
With the Kennedys,8
Mr. Sanders,87
Taco Bell Exec,41
Celine,3
Walter,21
Cat Burglar,14
Cliff,70
Mother 1,10
Henrietta's Mom,26
Mother 2,16
Nathan,434
Trapper Keeper,16
Postum,176
Elderly Man 5,2
Laborer 5,32
Elderly Man 6,14
Ryan,133
SWAT rescuer Hansen,1
Rosie,14
Beefcake,66
Randy's profile,8
The Doctor,112
Elderly Man 1,15
Spectator,3
Female announcer,45
Shelley,34
Peg-leg,2
The Office,3
THC President,189
Bat Dad,59
The South Park boys,1
Salesman,54
Elderly Man 7,6
Centers,4
Another boy,2
Guard,190
Manymoons,44
Receptionist,308
Looter 2,9
Wise Man,45
Blond Member,17
Townsman 17,1
OC Members,17
Townsman 15,6
Townsman 14,2
Townsman 13,4
Townsman 12,1
Townsman 11,2
Townsman 10,2
Greeley Officer 2,5
Molly,1
Greeley Officer 1,19
Smith,231
Elder Garth,203
Alan,24
A British Person,259
Aide 1,195
Mr. Hat Actor (!),4
Aide 3,83
With Females,8
Hooker,4
Stan, Cartman, Kenny,6
Male Diner,30
Man in background,2
Sound man,40
Mark, Jenny,2
Mr. Foley,151
Cop 1,30
Beary Bear,39
Director,352
Kevern Zaksor,52
Stu,30
Shopper 13,7
Elderly Man,89
Will Smith,134
Pamphleteer,138
Runs with Premise,204
Volunteer,55
Kip's Dad,52
Mr. Tumnus,9
Tech 4,44
Tech 5,10
Tech 2,37
Tech 3,41
Tech 1,16
Rosie O'Donnell,88
Cat,9
Mrs. Joe,84
Mr. Kincade,228
Mother,85
Janitor/Farmer 1,94
Lady Judge,31
The Mayor,229
Obese woman,3
Goth Voice,14
Tall Goon,14
Sam,9
Most Senators,1
Dark Cub,8
Company rep,55
Chef and James Taylor,2
Kylie,6
Sailor,10
Mrs. Campbell,34
Uncle Budd,31
Security Guard,158
Moroni,74
Farmer,76
Patron 10,2
Steve Bischiotti,11
Mohammad,75
Townsman 9,7
Milly,31
Pat Sajak,79
Future Cartman,54
Spectator 1,15
Spectator 2,22
Grandma Marsh's profile,10
Cardinal Mallory,9
Chief Running Pinto,89
SWAT Officer 3,23
Wendy,1315
Billy's Mom,10
Shawna,82
Father Barnes,15
Cameraman,74
Blonde 2,7
Kyle, Stan, Butters,1
All three men,1
Tom Green,14
Terrance & Phillip,29
Blonde 3,1
German 1,6
Kids around Kenny,1
Tom Nelson,43
Denver citizens,1
Redneck,8
Baby,9
Cartman,8922
Nurse Bronski,74
Left Creature,1
Rob Reiner,379
Walter Cronkite,56
Canadians,143
Senator,28
Jimmy Buffet,4
Audience members,5
TV Voice,20
Ween,13
Ginger Boy,45
Kyle's Team,3
Leader Turkey,2
Sheila Broflovski,33
Robot Monkey,1
BUDS Man,35
Dreadlocked PeTA man,16
Ticket agent,12
Jesus' Producer,45
Bradley Biggle,7
AARP Members,2
Blond agent,1
Hyde,57
Park County,5
Mr. Circlovich,5
Black Man 2,6
Black Man 3,2
Elderly Man 8,12
Sondheim,75
Other Girls,1
Male 1,45
Audience Members,14
Jamie,26
Sound Man,1
Jeff White,28
Little Slave,14
Halfy,6
Elderly Voice,4
Two Elders,1
Boy with Red Scarf,4
Millie,48
Mr. Mackey, Principal Victoria,1
Dickinson,63
Honey Boo Boo,72
Goths,1
Petey/Boys,1
Coach 2,30
Michael Moore,16
Stuart and Mrs. McCormick,1
Some adults,2
Many Men,4
A Quarantine,7
Secret Service Leader,21
Tea Bag Participant,33
A Driver,12
Midget,36
COCKA-3,7
Other Soldiers,5
Prerecorded Voice,5
Steve Black,62
Tom and Mary,4
Lincoln,1
Little Vamp,12
Dawkins,4
Meredith,24
Solders,5
Av 3,7
Av 2,1
Elephant Man,74
Fat Cop,19
Some boys,1
Teen girl,33
Satan, Chris,1
Some Townsfolk,3
Nobunaga,9
Other Members,10
Ladies,1
Kanye West,4
Skunky,42
U.S. Army Official,43
Mrs. Crabtree,13
Rookie Guard,10
A Nun,2
Puffy the Bear,11
Petey,207
Michael Richards,1
Black Plumber,28
KKK Leader,112
HC drivers,1
Man 28,4
A Catfish,10
Melvin 2,8
Patsy Ramsey,56
Gay Lion,1
Coon's Friends,6
Engineer,12
Miner 4,6
Pat,191
Voice over,12
Richard,307
Miner 1,110
Lift Operator,10
Sixth Grade Leader,79
Xenu,3
Older kid,7
Man 24,4
Marcus,77
Randy and the Boys,2
Garrison's profile,5
Man in Vest,25
Top Girl,5
Pan,9
Lambtron,14
New Yorker 2,2
John,25
Carson replica,7
Miss Stevenson,187
Colleague 2,9
Blood,8
Lady Protester,21
Colleague 1,16
Man 21,4
Crewman 1,34
Crewman 2,24
Officer 8,15
Crewman 4,10
Crewman 5,7
Crewman 6,19
Man with No Limbs,7
Officer 3,116
Female Reporter 2,14
Officer 1,378
Man 23,4
Officer 7,61
Officer 6,25
Officer 5,70
Bald Knight,9
UAA Woman,35
Braided Crip,6
Cult Leader,69
McGuire,7
Stephen Stotch,27
Lumberjack,18
Kenny G.,26
Bouncer,60
Millionaire,13
Priest,207
Stan/Kyle/ Kenny,1
Horace,42
Heidi,114
Tommy,31
Becker,9
Boys 1/2,7
Cheerleaders,41
Sir Harrington,64
Jeff Arrando,20
Mr. Freely,54
TV Crew Director,15
An Older Girl,3
Iraqi General,66
Red Cross Chick,16
Barbardy,10
Ginger 1,48
Donald,7
Ginger 3,17
Ginger 4,13
Cochran,150
Poe,154
Bishop,160
Raccoony,46
Everybody,34
Aging Hippie Liberal Douche,69
Sonny,27
With Boys,8
Blonde Mother,16
Townsman 16,7
Paris,269
Dreadlocked PeTA Man,9
Mormon 3,1
Mr. Adler,257
SS Agent,20
Ringtone,1
UAA Leader,138
Man with Afro,2
Hatoyama,26
Diner 4,7
Diner 3,7
Phil Collins,171
Stallone,13
Zazul,41
Man in audience,3
Big Blonde,8
Goat,10
Pops,37
Miss Information,160
Male Voice,2
Pimp 2,49
Artsy Man,11
Vanessa,28
Jack Brolin,39
Kris,15
Gary Sr., Karen,2
Kenny, Stan,1
BBC Announcer,5
Resident 9,19
Mom,136
Greeley Officer 3,29
Groundskeeper,15
Troupe,7
Dispatcher,16
Other NAMBLA Men,5
Owners,1
Sister Anne,201
Expert 8,2
Stella,154
Cartman and Kyle,2
Boy in Blue Vest,84
Resident 3,32
Expert 1,84
FBI Leader,33
Expert 3,17
Expert 4,122
Expert 5,2
Expert 6,18
Expert 7,24
Pastor Phillips,50
You And Me, Girl,40
Sinéad,19
Maury,257
Wyoming Coach,4
Brad Morgan,82
Resident 7,4
Police Captain,43
Tom Shane,4
Mr. Mackey,1881
Expert 2,50
Towelie Clone,2
Sarah's Mom,21
Buddha,53
Pizza Hut Exec,22
Draco,6
Pat the Hammer,18
Polly Prissypants,109
Kyle, Butters, Tweek,1
Jogger,14
Ted,19
The Cubs,7
Other People,1
Techs,1
Lao Tzu,14
Lawrence,52
Two Small Voices,1
Kal,43
Jenkins,31
Redneck 23,3
Commentator,190
Boy in glasses,6
Unkempt Garrison,49
Nurse 2,11
Mr. Tuong,23
Reporter Chris,100
Toolshed,240
Butt Out! Lady,31
Annoucer,18
Patron 8,27
Filmore,104
The Boys (except Cartman) and Dr. Phillips,4
Tough Boy 3,11
Representative,31
Patron 1,49
Patron 2,44
DMV Official,32
Volunteer 1,10
Patron 5,3
Patron 6,18
Patron 7,1
Pirate Ghosts,2
Wrangler,5
Mr. Peters,87
Yates,597
Hall Monitor,16
Korashki,52
AARP leader,47
Gram'ma,8
Hooded Figure,61
Tony Hayward,155
Reenactor,3
Soldier 5,25
Damned Soul,3
Mr. Adams,238
Anchor,829
Soldier 1,45
Maggie,76
Designer,34
Rancid,17
Mephesto Tryout,14
Cartman, Choir,21
ATF Leader,24
Umpire,33
Bums,5
Other Townsfolk,1
Desk Officer,2
Other Kids,7
Comrade 1,10
Comrade 2,8
Cows,4
Teen MC,49
Bum 1,3
Chauffeur,29
Mr. Stevens,17
Bum 2,3
Bum 5,1
Crowd,134
Bum 7,9
Bum 6,1
Bum 9,7
The Ghost of Human Kindness,135
Beat-up Boy,1
Girls,65
Big Gay Al,403
Mr. Harrison,8
With Choir,45
An officer,24
Squirt,34
Barbrady Actor,30
El Presidente,151
Tough Guy 1,119
Balding Man,163
With the Damned,14
Tiger Woods,15
Farmers,1
The Scenes,51
Some Guy,1
Middle Dwarf,13
Sergeant Yates,8
Osama bin Laden,98
Snooki,9
Flora,11
Center,33
Redneck 19,10
Gerald Broflovski,14
Alan Jackson,70
TiVo,4
Guest 4,1
Guest 3,4
Guest 2,7
Sheep,1
Richardson,36
Cartman, Stan,2
Inductee 1,2
Redheaded Prostitute,6
Linda Black,25
Token, Kyle, Stan,2
Medicine Man,20
Rob Schneider,7
Shlomo,17
Toodee,6
Kyle, Ms. Crabtree,1
Mr. Wyland,206
General,587
Bucky Bailey,126
Demonius,48
Poor Girl,10
Minstrel,65
Chad's Dad,7
South Park Men,1
Both Parents,2
Yanogapa 2,1
Greg Nimins,83
Craig's father, Tom,22
Tour Guide 2,36
News 4 Anchor,67
Secret Service Agent,5
Tech 7,11
Two Guys,2
Garrison 1,12
MJ's hologram,70
Steven Spielberg,191
Talent Scout,59
Hamlet,103
Mob,15
Mr. Kim,271
Mrs. Tweek,59
Ashley,9
Chris Holt,72
Incredibly Obese Black Man,11
Doctor's assistant,2
Elderly Woman 4,11
Priest 4,6
Elderly Woman 6,10
Elderly Woman 7,6
Priest 1,66
Elderly Woman 1,20
Elderly Woman 2,9
Elderly Woman 3,7
HBC President,134
Dahmer, Gacy,1
Mr. Dawkins,227
Bear,1
White Bouncer,9
Photographer 2,12
Black Official,29
Catatafish,133
Miley Cyrus,27
Postem,17
Photographer 4,3
Reporter 5,9
Reporter 4,39
Reporter 6,3
Reporter 1,126
Reporter 3,128
Reporter 2,230
Member 1,119
Japanese woman,35
Huddle,1
Judge Julie,130
Fred Savage,2
Man in Barrel,4
Woodsy Owl,24
Funbot,5
Officer Barbardy,12
Audience,45
Cheesy Poof Cartman,1
Kylie's Mom,13
Manuel,3
Female singer,42
Mitchell,218
Angel 9,6
Neighbors,1
Strawberry Shortcake,7
Cartman, Kyle,3
Garrison 2,12
Man In Wheelchair,2
Mr. Feegan,99
Larger Group,11
Two kids,1
Herbert Garrison,293
Pricipal Victoria,32
Elderlay man,1
Bill Gates,18
R. Booth,13
Wally B.,7
Funnybot,209
Mike,227
Travolta,47
Other Execs,5
Disciples vocalist,7
Tour Guide,322
UAA 2,5
UAA 3,16
Clyde, Ike,2
Marcia,8
Older Woman,13
Seaman,81
Odd Boy,41
Dr. Phillips,151
Ethiopian Woman,3
Zombie Mortician,3
Angel 3,42
FC Batter,20
Uncle Corey,4
Matt,137
Other Vamps,1
Blanket,150
Broker,28
Mr. Hardly,96
Fan,3
Fan 2,12
Cowlick Vampire,10
Hobo,24
Newscaster,147
Gerry,81
FBI Negotiator,6
Reginald,10
The Human Kite,40
Butt Out!'s Kyle,36
Redneck 10,12
Officer,257
Looter 1,4
Al Gore,358
Bar Patron 1,26
Emperor Hirohito,36
Ms. McCormick,20
BP Man 2,5
BP Man 3,14
Schwartz,34
Attendant 1,38
Nathan's Mom,52
Mr. Denkins,11
Supporter 4,2
Agents,2
Contestant 2,8
Firefighter,8
Pedo 7,5
Laborer 2,30
Laborer 3,5
Brad,3
Laborer 1,85
Laborer 4,13
Oprah,241
Chief Aide,95
Laertes,80
Mandy,13
The Ramseys, O.J., Condit,5
Man With No Face,35
Shopper 10,5
Jim Irsay,37
Townsperson 1,7
Editor,29
Umpire 2,31
Another Cardinal,29
Mr. Mathers,18
Jonathan,249
Clyde, Kenny,1
The Coon,352
Mr. Garrett,94
FC Announcer,28
Eugene Levy,8
Buff Crip,104
Vendor,5
Standing Patron,13
Rick Watts,12
Redneck 15,5
Michael Douglas,1
Mrs. Tenorman,22
Female Psychic,72
Terrorist #1,4
OC Leader,60
An Elderly Woman,6
Flight attendant,28
Mrs Cartman,1
Kids around Timmy,1
Paramedic 1,10
Gary,357
Robot,20
Phillip Stand-in,49
Ms.McCormick,2
Patron 3,37
Milo,11
Alanis Morissette,2
Cartman/ Kenny,1
Thin Cop,41
Johnny,16
Persians,1
Students,4
Patron 4,2
Townswoman,19
David Duchovny,3
Japan,36
Uncle Jimbo,51
Mayor,926
Army Official,40
Chief Elder,29
Kid Magician,1
Karin,36
Jambu,130
SP Adults,1
TupperWear,38
Man in Brown Shirt,8
Foxy,41
Iraqi,10
Gnome 5,18
Gnome 4,5
Gnome 3,7
Gnome 2,85
Gnome 1,46
Researcher 1,117
Charlie Rose,129
Purity Boy 1,39
Human Kite,181
Mr. Pirrip,23
Recruits,1
Tong Leader,167
Man With Grey Hair,29
Kid #2,7
Cashier,174
Purity Boy 3,11
Driver 3,18
Ghetto Avenue Boys,9
Lab Tech 1,39
Dr. Shay,70
Spiky Vampire,27
Summit Host,14
Child,7
Lice,2
Brunet,149
Vocalist,6
Randy, Sharon,5
Marklar dispatcher,7
Mr.Mackey,10
The Gintses,1
Oprah Winfrey,46
Older man,145
Witches,10
Gang Members,29
Sony President,58
Another Ambassador,26
Bob Saget,140
Madame Foreperson,23
Policeman 1,31
Jenny,118
Specialist 2,13
The Team,2
Tom Johansen,28
Greeley Batter,1
Kelly Pinkertonstinfurter,1
Lion 1,11
Lion 2,17
The Other Members,1
Rabbi,66
Mr. Jarvis,30
Right Creature,3
Purple Hare,1
DP Executives,4
Priest Maxi,549
Female Activist,4
Polly,69
Vice President,98
British Delegate,20
Garth,8
Galeed,77
Elderly woman,3
John Warzog,74
Denver Catcher,9
American Male 1,11
Construction Worker,37
Sergeant,109
Anchorman Tom,98
Doctor 1,21
Tardy Man,11
Future Stan,170
Mr. Harris,31
Moderator,37
Mr. Donovan,83
Miss Travis,15
Younger man,40
Cleric 2,15
Gordon Stoltski,54
Centers and Right,12
Farmer Friend 2,44
Denver Cop,9
Player 4,5
Franklin,56
Old Man 2,23
Pedo 2,13
Pedo 3,9
Pedo 4,2
Pedo 5,1
Pedo 6,3
Stage hand,3
Crab Man 2,33
Crab Man 3,21
Deery,47
Cleric 3,32
Lesbian 8,3
Bishop 2,3
Bishop 1,1
Uncle Stinky,9
Side Judge,7
Liane,1106
Shake Weight,170
Morgan,34
Mr. Pratt,42
Congressman,1
Cardinal Mahoney,82
Fuhrman,57
Page,37
Stewart,111
Saddam Hussein,83
Coach,296
Proctologist,53
Lion-head Alien,24
The three men,2
Aunt Nellie,41
Kyle Two,308
CEO,26
Fat Man,31
Yimenez,9
Lady Member,133
Doctor 2,67
Assistant 1,4
